prodId,avaliacao,comentario
1,4.71,Voluptatibus excepturi doloremque quaerat id optio.
2,3.7,Velit vitae cum fuga distinctio ex.
3,4.39,Numquam repudiandae ab molestias pariatur non ipsum.
4,2.14,Ab aliquid ipsum veniam tenetur fugit.
5,1.63,Accusantium vel aliquid animi quisquam recusandae.
6,2.54,Dolorum delectus porro assumenda.
7,3.39,Ad tempora dolores a porro iste rerum.
8,2.92,Tempora temporibus repudiandae quod culpa modi.
9,3.52,Voluptatibus architecto hic assumenda culpa a accusamus sapiente.
10,2.64,Ipsam dolore veniam commodi distinctio.
11,4.82,Qui suscipit itaque delectus aut.
12,4.27,Eos perferendis nam provident nostrum officiis.
13,2.31,Maiores aliquid temporibus tempora ab ex.
14,2.02,Similique totam perspiciatis possimus.
15,4.97,Iusto iste saepe atque.
16,2.44,Quidem iste repudiandae ex nostrum.
17,1.92,Voluptatibus error reiciendis omnis officiis quasi accusamus.
18,4.84,Dolore quas commodi maiores assumenda laboriosam.
19,2.7,Magni sint asperiores laudantium voluptatum distinctio distinctio.
20,4.75,Eum perspiciatis neque.
21,4.79,Dolor incidunt dolore iste quasi pariatur.
22,2.19,Accusantium officiis ipsa.
23,2.99,Dolorum minima quidem voluptates quae.
24,1.15,Officiis soluta perspiciatis qui soluta illo.
25,1.73,A minus recusandae unde.
26,2.85,Iusto consequatur neque excepturi velit.
27,3.93,Eligendi odit suscipit dolorum tempore minus neque.
28,2.54,Harum consequuntur mollitia dignissimos.
29,2.42,Ipsa veniam eum quibusdam officiis.
30,4.45,Tempore officiis autem.
31,3.47,Cum doloremque at ducimus voluptatem aliquam illum.
32,3.65,Illum voluptatum atque laborum consectetur nulla vitae dignissimos.
33,2.6,Cupiditate sequi molestiae repellendus beatae vitae dicta veniam.
34,2.97,Rem nihil earum sed nisi modi quibusdam.
35,1.15,Est repudiandae minus aspernatur.
36,2.2,Porro fuga pariatur numquam.
37,4.12,Quis molestias minus corrupti.
38,3.15,Repellendus aut in expedita eveniet fuga.
39,4.54,Ut at nemo et consectetur iste officiis laudantium.
40,2.26,Placeat adipisci omnis a doloribus.
41,4.2,Officia occaecati optio nesciunt blanditiis nihil iusto.
42,1.51,Labore omnis sunt cupiditate corporis.
43,2.81,Accusamus sunt ex atque.
44,2.35,Sed rerum quos eius aspernatur.
45,3.47,Voluptatum saepe consectetur nesciunt.
46,1.09,Architecto pariatur maxime quas deleniti quos ipsam.
47,3.39,Ipsum est dolor tenetur.
48,4.13,Delectus in cumque nobis nulla sequi rem.
49,4.7,Iusto minus fugiat vitae eum deserunt.
50,4.89,Dolorem sapiente id quod iste.
51,3.35,Omnis illo tempore id eveniet temporibus ipsa.
52,1.92,Laboriosam cumque aperiam accusamus nisi.
53,2.68,Odio maiores sequi a molestiae.
54,3.13,Quae ab magni adipisci.
55,4.38,Molestiae alias assumenda.
56,3.28,Odio voluptatibus tenetur adipisci.
57,2.13,Voluptatum iusto enim maiores aliquam ea nisi.
58,3.69,Similique vitae sint nam doloremque distinctio aliquid harum.
59,4.79,Error odit adipisci ea quaerat nobis.
60,1.4,Temporibus adipisci dicta similique.
61,4.92,Eligendi quae illum molestiae porro saepe.
62,3.87,Facilis delectus magnam ea minima.
63,3.87,Nostrum illo eaque incidunt debitis temporibus.
64,4.77,Eaque quod molestiae ex officia.
65,1.25,Explicabo pariatur voluptas illum dolor voluptates perferendis.
66,2.01,Cumque repellendus libero quos saepe sint.
67,1.3,Hic vero modi voluptas et ullam culpa.
68,4.74,Tempore nesciunt rem deleniti similique tempora.
69,3.04,Quae magnam qui soluta id.
70,4.13,Nulla deserunt unde cum blanditiis ab ab.
71,3.79,Architecto culpa sapiente rem iusto.
72,4.52,Rem provident quaerat voluptatem ut aliquam.
73,3.79,Temporibus odio impedit delectus.
74,3.21,Recusandae modi occaecati molestias ut.
75,2.83,Autem enim est soluta id nostrum totam.
76,4.54,Error dolorum deserunt.
77,4.75,Nisi suscipit dolorum dolorem rem ratione culpa.
78,1.45,Maiores iste esse exercitationem nisi earum quas.
79,4.23,Ut distinctio iusto laudantium.
80,1.5,Aut laboriosam odio minima.
81,3.86,Vitae facere at distinctio nesciunt necessitatibus ab quidem.
82,3.42,Delectus cum quasi aspernatur officia magnam ducimus.
83,3.47,Dolor dolorem error tempore voluptates quos.
84,3.35,Dolores earum inventore eius itaque veritatis repudiandae.
85,3.12,Itaque occaecati illum labore.
86,2.59,Sint ad laborum neque optio quibusdam fugiat aliquam.
87,4.81,Doloremque eos ex neque commodi dignissimos ea.
88,2.47,Fugit nobis fuga.
89,2.0,Quaerat nulla aspernatur perferendis quibusdam quas.
90,3.02,Provident ad iste temporibus quisquam sequi dicta.
91,1.68,Sint quia dolore sequi.
92,2.71,Accusantium non maiores illum minus architecto.
93,4.38,Id sequi nisi amet quo.
94,4.95,Voluptatum occaecati repellat fugit.
95,1.18,Nisi magni amet doloribus quidem perspiciatis.
96,4.94,Odio ad exercitationem ipsa.
97,2.59,Fuga eos sit fugit nostrum tempora reiciendis.
98,4.3,Nobis mollitia porro enim ipsum nihil minus.
99,4.66,Sunt eligendi voluptatem similique dolor cum.
100,3.19,Dicta consequuntur aliquam quibusdam.
101,2.05,Laboriosam repudiandae rem est modi quisquam possimus.
102,2.38,Delectus cum dolorem voluptatibus consectetur dolor molestiae.
103,1.98,Enim veniam quae optio.
104,3.33,Nemo possimus velit laborum velit.
105,3.09,Ipsa harum quia adipisci sapiente.
106,1.34,Aliquam vitae eaque.
107,1.95,Sunt ratione fugiat mollitia accusantium consequuntur.
108,1.89,Nesciunt voluptatem blanditiis enim dolore reprehenderit.
109,1.5,Suscipit ut officia excepturi.
110,4.01,Et aperiam voluptas quos.
111,3.97,Commodi quod blanditiis necessitatibus eligendi sint.
112,3.28,Expedita ullam molestias repudiandae autem.
113,4.37,Provident dolores perferendis iste natus earum vel nam.
114,1.02,Saepe consequuntur vitae nemo quasi fugiat eaque.
115,1.57,Deserunt commodi laudantium iste autem perferendis suscipit non.
116,3.49,Cupiditate magnam unde eos sint quos dolores rerum.
117,1.39,Quam facilis temporibus deleniti est quas.
118,4.02,Ut cum maiores aut facilis.
119,3.41,Temporibus quisquam qui perferendis.
120,2.12,Corrupti delectus quaerat molestiae optio doloribus veniam.
121,4.09,Culpa similique alias nam.
122,2.45,Odit ipsa pariatur eaque occaecati.
123,4.05,Vitae ullam voluptas dolorem.
124,4.25,Cupiditate occaecati iure non consectetur et veritatis.
125,1.26,Officiis beatae distinctio.
126,2.81,Ab perferendis dolorum possimus molestias facere.
127,2.06,Rerum repellat perspiciatis porro.
128,2.52,Odit maiores praesentium necessitatibus.
129,3.93,Omnis quas ad maiores quaerat.
130,1.09,Tempore harum voluptas autem ab beatae.
131,4.58,Eius blanditiis sed vero culpa.
132,1.49,Iste officiis sed qui facilis aliquid consequuntur laudantium.
133,1.25,Amet similique officia quia voluptate animi ipsum.
134,4.93,Dignissimos officiis aut porro commodi.
135,1.73,Fuga impedit tempora.
136,2.78,Laboriosam explicabo provident velit occaecati nihil.
137,2.52,Ullam eos adipisci rem accusantium ut.
138,1.5,Perspiciatis sit similique explicabo dolorum itaque eos.
139,2.67,Dignissimos voluptatem ullam beatae beatae id.
140,3.02,Harum quae autem quo saepe a fugit.
141,1.59,Sit quia sequi.
142,2.58,Dolorum facilis dicta eveniet saepe incidunt.
143,1.61,Ullam incidunt ipsam iure labore impedit.
144,4.03,Blanditiis culpa velit distinctio sapiente magnam dolor.
145,3.44,Assumenda nemo blanditiis rerum fugiat unde.
146,3.68,Maiores cumque cupiditate non ab officiis eos non.
147,2.43,Excepturi voluptatum vel corrupti aliquid tenetur et.
148,2.09,Dolore ullam magni.
149,1.13,Quod inventore dolor itaque tempore.
150,3.08,Sit molestiae quaerat qui voluptate earum tempore.
151,1.43,Rerum expedita maxime cupiditate enim praesentium.
152,3.51,Eum cupiditate quisquam iste necessitatibus doloribus magnam.
153,1.64,Maxime illo earum laboriosam fugiat praesentium.
154,4.74,Ab laboriosam suscipit commodi consectetur.
155,2.8,Eos eaque explicabo sunt quaerat quae.
156,4.29,Quam at velit aliquam possimus maiores.
157,1.1,Nesciunt temporibus tenetur enim dolorum adipisci unde odio.
158,4.38,Ipsa voluptates iusto eveniet veniam perferendis neque asperiores.
159,4.91,Harum amet ad repellat animi tempora.
160,2.22,Architecto quam reprehenderit.
161,1.02,Et vitae laudantium minima ea.
162,4.65,Cum nemo blanditiis similique nulla.
163,2.53,Hic soluta vero similique id.
164,2.77,Nesciunt excepturi ut quas aspernatur.
165,4.4,Placeat totam distinctio eos nulla excepturi doloremque.
166,2.53,Sequi suscipit velit dolorem voluptatum sed.
167,3.03,Nobis libero natus iure voluptas numquam perferendis.
168,2.29,Unde explicabo sint ducimus blanditiis.
169,1.05,At delectus nemo porro beatae est beatae.
170,4.36,Exercitationem adipisci reprehenderit.
171,1.91,Perferendis vero odio doloribus pariatur.
172,4.61,Consequuntur reiciendis numquam ea odit impedit.
173,3.06,Consectetur inventore exercitationem molestiae sunt rerum.
174,1.76,Molestias culpa praesentium est veritatis iusto.
175,4.89,Explicabo illo voluptas corporis.
176,3.04,Soluta corrupti laboriosam.
177,4.29,Ipsa facere sit temporibus.
178,3.78,Voluptatem maxime ab nostrum fuga a.
179,2.17,Iusto occaecati nisi corrupti.
180,1.56,Illum a consectetur sequi fuga enim.
181,2.17,Soluta adipisci officia ex repudiandae.
182,3.53,Distinctio quaerat voluptates a.
183,4.21,Ex ea blanditiis perferendis.
184,4.79,Minus eos numquam cum corrupti.
185,2.68,Ea iste pariatur nihil velit ullam repudiandae.
186,4.89,Eum provident ullam itaque.
187,3.6,Ex consequuntur totam amet.
188,1.61,Explicabo temporibus expedita ratione reprehenderit.
189,2.4,Animi repudiandae perspiciatis unde.
190,1.26,Doloremque dolorum amet necessitatibus quos quibusdam.
191,3.4,Distinctio architecto quae eveniet quibusdam.
192,3.13,Esse quod eveniet iusto earum voluptas.
193,2.43,Libero aliquam iste aspernatur.
194,4.65,Perferendis adipisci maxime iusto.
195,2.08,Qui hic a illo facere nobis excepturi.
196,2.73,In explicabo consequatur suscipit facere praesentium.
197,1.85,Nemo eum voluptatum dolor.
198,3.83,Dicta dignissimos ipsa sequi molestiae recusandae.
199,4.86,Harum necessitatibus vero molestias.
200,2.96,Quia voluptatum cum vitae quas cupiditate dolor.
201,4.28,Quisquam deserunt maxime ipsa impedit delectus minus.
202,4.63,Necessitatibus ducimus aliquam quo sit quia.
203,1.03,Enim omnis quod natus assumenda sequi voluptatem debitis.
204,1.26,Corporis eum illum facere consectetur.
205,1.72,Ipsum ab cum aperiam.
206,2.2,Repellendus esse quo quasi nihil.
207,3.98,Accusantium dolore porro placeat nobis.
208,1.9,Sequi consequatur voluptas maxime quaerat eius ipsum.
209,4.44,Voluptate officia quidem distinctio architecto aliquam.
210,4.2,Dicta suscipit suscipit dignissimos porro optio eum vero.
211,4.4,Consectetur dolores natus autem.
212,1.09,Facilis reprehenderit eos cum et.
213,1.06,Beatae rerum aliquid.
214,4.4,Aliquid voluptatibus alias aperiam.
215,1.73,Ipsum expedita ad dolore nostrum ab.
216,1.31,Modi laboriosam temporibus amet dolorum et nihil maxime.
217,3.37,Aut dicta dolorem excepturi.
218,1.88,Harum vero pariatur voluptatum eum dolorem.
219,3.11,Nobis tenetur nemo.
220,3.83,Quis nam aperiam consectetur.
221,1.15,Incidunt optio quos laudantium quos esse.
222,4.23,Inventore quo eum possimus explicabo.
223,2.7,Debitis quos veritatis deserunt eius.
224,3.49,Nemo debitis ipsam alias quo vero.
225,1.58,Dolores ab minima incidunt.
226,2.56,Vero iure deserunt.
227,4.07,Vel quasi ducimus ab esse maxime consectetur.
228,3.84,Quo blanditiis aliquam eveniet voluptate modi.
229,1.11,Aspernatur dolorum assumenda reprehenderit officia tempore.
230,3.61,Quaerat blanditiis voluptates velit.
231,1.2,Occaecati voluptas iure qui id distinctio excepturi.
232,4.19,Porro architecto fugiat.
233,1.31,Atque nostrum architecto assumenda.
234,1.63,Modi nihil nobis rem recusandae.
235,1.99,Labore quas eum accusamus necessitatibus fuga voluptatum.
236,4.24,Omnis fuga dolore neque.
237,2.26,A est provident ratione nemo nisi.
238,1.26,Enim magni magni ut perspiciatis velit.
239,1.47,Blanditiis facere occaecati ipsam excepturi molestias reiciendis.
240,2.93,Velit accusamus saepe ratione.
241,4.69,Aliquam saepe nobis iusto.
242,4.98,Impedit tenetur minima porro necessitatibus non.
243,4.95,Cupiditate laudantium inventore eligendi porro nisi excepturi.
244,2.33,Accusantium voluptas neque minus et ab recusandae.
245,3.02,Officiis ut nostrum dolores.
246,3.8,Id debitis labore.
247,3.8,Magni soluta assumenda odit modi alias dolore accusamus.
248,2.01,Sit eius at velit repudiandae aliquid molestias inventore.
249,3.06,Quia labore non quam ipsam facilis laboriosam tempora.
250,3.99,Eaque numquam numquam aspernatur.
251,1.31,Hic totam ipsa vitae.
252,4.28,Harum adipisci mollitia dolore velit dolores officia.
253,3.77,Doloribus blanditiis in nobis.
254,4.85,Blanditiis eius sit ex recusandae quis.
255,1.6,Culpa veniam aperiam explicabo natus.
256,2.14,Porro quisquam voluptates explicabo tempore occaecati.
257,1.38,Necessitatibus consequuntur ab iste totam unde deleniti.
258,1.43,Assumenda optio distinctio consectetur incidunt.
259,2.42,In accusamus dolorum quos.
260,1.48,Ducimus rerum iste earum eum.
261,4.73,Mollitia nulla voluptatibus.
262,1.22,Quam ad nostrum.
263,2.17,Iusto mollitia ipsam similique ex nam.
264,2.06,Architecto excepturi aliquid omnis animi pariatur dolor.
265,4.86,Sint officia aperiam dignissimos molestias aspernatur tenetur.
266,4.44,Alias sapiente nobis necessitatibus voluptas culpa velit sint.
267,2.96,Provident ratione temporibus saepe tempore.
268,3.81,Eos in atque earum illum.
269,2.22,Odit repellat earum expedita dignissimos neque ipsum.
270,2.57,Dolor eos accusamus amet facilis non praesentium.
271,4.56,Rerum ex nulla officia nam ea.
272,2.42,Laudantium saepe natus veritatis non aliquid.
273,2.35,Aliquam iusto totam doloribus maiores necessitatibus ipsum.
274,4.35,Repellat vero quaerat ea saepe.
275,1.75,Vitae eligendi nam est.
276,4.13,Expedita molestiae quaerat dignissimos ipsa mollitia.
277,4.44,Dignissimos accusantium perferendis expedita incidunt.
278,4.84,Soluta maiores a expedita.
279,4.26,Dolorum asperiores cumque.
280,1.67,Dolore fugit quidem incidunt dolorum ipsum magni.
281,2.98,Assumenda hic harum magnam magnam magni iste laborum.
282,4.32,Occaecati tempora atque.
283,1.28,Cupiditate incidunt est illum id.
284,1.27,Ut totam debitis et mollitia.
285,3.41,Iste nobis labore numquam id fuga vero.
286,3.91,Dignissimos repellat maxime minus.
287,3.31,Aperiam velit consectetur doloremque reprehenderit ullam.
288,3.89,Itaque velit unde perspiciatis veritatis maiores.
289,2.22,Magnam magni eius suscipit inventore ullam.
290,1.9,Aperiam a voluptatem eius iste.
291,4.06,Sapiente consequatur molestiae commodi magni quia quod.
292,3.12,Consequuntur ratione odio sapiente quas aperiam amet.
293,4.47,Soluta amet temporibus deleniti sed fugit non.
294,4.78,Quasi tempore quisquam.
295,2.64,Unde sequi beatae nemo.
296,3.3,Dignissimos explicabo iure earum dolor impedit praesentium occaecati.
297,2.89,Neque saepe incidunt ab officia ut.
298,1.89,Adipisci deleniti ad consequatur iste.
299,2.13,Perspiciatis magni perferendis veniam.
300,3.55,Modi vel iure pariatur.
301,3.18,Aperiam quibusdam blanditiis consequuntur quia consequuntur.
302,3.91,Totam asperiores ratione deleniti dignissimos.
303,2.0,Corporis totam reprehenderit saepe enim.
304,4.41,Architecto illum aut suscipit alias.
305,1.75,Praesentium deleniti molestiae dicta.
306,2.13,Inventore iure minus laboriosam.
307,1.31,In molestias deserunt.
308,1.53,Alias perferendis assumenda asperiores eveniet veritatis tenetur natus.
309,4.93,Maiores ut nostrum quasi.
310,2.46,Voluptates ad itaque ab reprehenderit.
311,1.1,Cum sed repellendus delectus atque.
312,2.88,Alias doloribus aliquam voluptate quam distinctio corrupti.
313,4.63,Reprehenderit odit cumque unde non assumenda tenetur doloremque.
314,3.47,Dolores delectus similique aspernatur eligendi molestias.
315,3.11,Provident repellendus excepturi doloremque sint cum.
316,2.48,Dolorum facilis facilis dicta ad vitae.
317,1.05,Ipsam voluptate eligendi in delectus quidem cum.
318,1.39,Temporibus earum tenetur sed pariatur.
319,3.81,Nihil libero distinctio accusamus illum voluptas omnis.
320,4.66,Tempore est nesciunt dolor possimus molestiae.
321,2.18,Distinctio optio nihil voluptates iste modi.
322,3.37,Vitae ipsam possimus voluptatibus deserunt officia.
323,3.31,Animi in ex aspernatur at.
324,2.89,Aliquid laudantium iusto tenetur quidem.
325,4.58,Facere aliquid dolore natus fugiat quia.
326,4.05,Dicta ipsam nobis perferendis.
327,1.4,Sapiente a voluptatem laudantium.
328,1.27,Incidunt explicabo ipsa.
329,2.51,Nostrum iure quasi pariatur.
330,4.62,Assumenda harum molestiae voluptate.
331,3.68,Saepe officia excepturi.
332,4.95,Quam architecto doloribus explicabo vero.
333,1.59,Totam facilis iure provident nobis sint.
334,1.47,Quam quos perferendis dolorem.
335,1.21,Doloribus sint quia aperiam similique.
336,1.85,Assumenda magni dignissimos soluta.
337,3.3,Dignissimos error perferendis culpa.
338,4.92,Praesentium dicta praesentium autem accusamus ab.
339,1.09,Eius vero incidunt blanditiis ut.
340,2.43,Voluptatem saepe a minus a.
341,1.62,Cum voluptas omnis accusantium impedit ipsum.
342,2.73,Eaque possimus quia tenetur repellendus tempore.
343,1.93,Illo distinctio adipisci ab doloremque odio quos odio.
344,1.44,Minima amet corrupti dolore recusandae.
345,1.63,Repellendus numquam saepe unde veritatis deleniti.
346,2.5,Maxime itaque velit deserunt.
347,1.81,Corrupti architecto quod blanditiis.
348,1.52,Ut cumque culpa provident rem illo.
349,3.31,Velit neque accusamus sint.
350,3.08,Et praesentium assumenda explicabo nulla.
351,2.4,Harum sit amet praesentium cupiditate distinctio.
352,3.19,Minus numquam porro repellat aspernatur.
353,4.3,Eos laboriosam aliquam debitis vel aliquid cum hic.
354,1.12,Suscipit officia corrupti inventore adipisci quos veniam.
355,1.8,Odit praesentium quos ipsa quasi dolore eos.
356,4.82,Quia dignissimos quae vel.
357,4.61,Ex reprehenderit quisquam ipsum eveniet aliquam.
358,1.37,Debitis repellat dolor doloribus.
359,4.32,Modi adipisci cupiditate consectetur.
360,4.81,Voluptatum tempore neque nihil ipsam.
361,3.76,Quis similique eum temporibus eum similique perspiciatis.
362,2.19,Veniam tempore placeat quos in eos.
363,4.88,Voluptatibus cumque iure non.
364,4.24,Minus asperiores sint harum at consectetur doloremque.
365,4.78,Occaecati magnam suscipit corporis aperiam magnam.
366,1.77,Repudiandae rem distinctio consectetur nemo eligendi eos.
367,2.92,Deserunt alias atque ducimus labore optio quisquam.
368,4.82,Sunt atque numquam veniam.
369,1.78,Quis perferendis libero consequatur eveniet.
370,2.62,Ea dolorem eius quod nesciunt.
371,3.23,Explicabo totam eum in.
372,4.11,Beatae facere magnam totam sapiente consequuntur.
373,4.52,Recusandae voluptatibus consequatur ab tenetur aliquid ad.
374,2.95,Qui voluptas saepe earum.
375,1.75,Pariatur libero nihil ut nesciunt tempore maiores aperiam.
376,3.98,Commodi impedit maiores.
377,4.98,Omnis hic tempora fuga.
378,4.91,Fugiat voluptate placeat tempore ipsa.
379,1.18,Et nam magni soluta odit ipsam.
380,2.13,Odio quia odio nihil beatae rerum.
381,2.39,Ullam distinctio ad esse.
382,3.97,Amet ratione culpa.
383,4.96,Deserunt praesentium laudantium magni pariatur harum.
384,2.66,Neque vel ratione similique a.
385,2.44,Praesentium libero tempora minus odit rem veritatis.
386,3.91,Laboriosam eligendi distinctio magnam hic beatae.
387,1.32,Optio alias unde explicabo modi blanditiis magni.
388,3.98,Reprehenderit reiciendis numquam soluta cumque exercitationem.
389,2.74,Impedit sit provident voluptate vel.
390,2.8,At et quaerat modi totam.
391,5.0,Architecto expedita tempora a tempore.
392,2.88,Nostrum in atque officia reprehenderit.
393,3.74,Error blanditiis laboriosam recusandae nam.
394,2.65,Temporibus laborum quia quia illo harum.
395,3.86,Quo iure libero veniam exercitationem repellat.
396,1.32,Fugit veniam quisquam cupiditate et consequatur.
397,3.69,Hic facilis reprehenderit a.
398,3.78,Sequi incidunt deserunt rerum quasi optio voluptas.
399,3.91,Ut consequatur veritatis adipisci laborum ipsa.
400,4.81,Unde iusto a laboriosam.
401,1.63,Reiciendis similique necessitatibus aperiam.
402,2.27,Neque modi deserunt harum nesciunt harum ratione.
403,1.91,Autem distinctio facilis dicta.
404,3.34,Quis modi excepturi fugiat praesentium similique quisquam.
405,1.84,Aspernatur eius quia voluptas aut dolorum earum.
406,4.38,Exercitationem velit praesentium cupiditate laboriosam eaque.
407,3.66,Eius animi facere dolorem.
408,3.78,Voluptatem voluptates voluptatum illum ad quia.
409,3.5,Alias repellat nemo perferendis magni omnis.
410,2.85,Omnis excepturi eius suscipit magnam necessitatibus voluptate.
411,1.49,Earum neque tempora aperiam iste voluptatem nulla dolorem.
412,3.08,Nemo unde blanditiis.
413,3.76,Sit quo iusto doloribus nulla maiores.
414,3.7,Dolores occaecati rerum id corporis praesentium.
415,2.31,Alias aut laborum earum.
416,3.42,Molestiae labore accusamus quaerat odio fugiat corrupti.
417,1.22,Suscipit libero inventore voluptate.
418,4.67,Asperiores facere excepturi velit modi.
419,4.76,Voluptates eaque natus quaerat.
420,4.52,Nobis similique quidem repellat quis quia facere.
421,3.72,Ipsam distinctio voluptatum tempora explicabo repudiandae consequuntur sed.
422,4.78,Cum voluptate natus et voluptatem.
423,1.79,Illo ratione dicta.
424,2.27,Commodi quod repellendus distinctio.
425,4.52,Quo blanditiis quisquam ipsa quo maxime.
426,1.84,Saepe rem consequatur ut distinctio.
427,1.44,Veniam perspiciatis laudantium unde atque temporibus adipisci.
428,3.88,Accusantium ex ipsam neque distinctio at.
429,3.35,Dolore laborum et labore saepe.
430,4.35,Ratione aspernatur ratione sequi possimus impedit rerum deserunt.
431,3.96,Autem amet officia.
432,4.05,Rerum officia fugiat corporis ipsam provident qui.
433,2.44,Deserunt culpa reprehenderit dicta ducimus tenetur ullam voluptatibus.
434,4.7,Iure adipisci similique ratione pariatur.
435,4.98,Praesentium ullam architecto debitis ratione rem.
436,3.7,Odit esse enim hic culpa.
437,2.65,Fugiat voluptatum dignissimos.
438,2.86,Eius voluptatibus sequi.
439,3.84,Nihil officia explicabo voluptatum nam modi ut.
440,2.33,Vel laudantium officia cumque.
441,4.1,Repellendus similique doloribus voluptatibus quisquam maxime.
442,4.1,Deleniti omnis facilis ducimus occaecati culpa maiores.
443,2.29,Eveniet temporibus debitis non molestiae laudantium.
444,3.9,Cum architecto adipisci veniam.
445,3.34,Ad dolor odit nisi eius.
446,3.24,Consectetur nobis adipisci deleniti molestiae esse corporis.
447,4.19,Voluptatum pariatur animi delectus sequi.
448,1.81,Porro repellendus culpa cumque a labore.
449,1.26,Nam dolorem non dolores dolores adipisci harum minima.
450,2.48,Impedit velit perspiciatis nemo tempore.
451,1.56,Excepturi doloribus eum occaecati.
452,3.08,Voluptatum quae placeat expedita.
453,2.1,Fugiat assumenda natus velit maiores enim.
454,1.19,Tempore inventore officiis cupiditate necessitatibus molestias.
455,1.87,Consequatur quam aliquid quis ut.
456,1.67,Eligendi praesentium vero ab.
457,2.15,Quos inventore quia asperiores minus ducimus facilis.
458,2.69,Repellat praesentium blanditiis qui.
459,3.9,Sapiente voluptatibus itaque quia ea nisi commodi.
460,4.45,Aut eaque fugiat laudantium officiis harum.
461,3.43,Iusto unde id numquam voluptatem autem omnis.
462,4.18,Impedit dolores libero ipsam ad esse.
463,4.98,Voluptatem repellat laudantium optio dolore adipisci sint ut.
464,1.64,Reiciendis temporibus esse deleniti.
465,2.33,Adipisci veritatis cum earum quos quia voluptates.
466,2.02,Hic ducimus repudiandae eveniet natus vitae eum.
467,3.51,Beatae hic sapiente.
468,4.85,Repudiandae odio laboriosam.
469,2.81,Nostrum nulla fugit pariatur.
470,4.84,Eaque distinctio est ab minima dolor architecto.
471,4.1,Similique non excepturi nam ratione explicabo exercitationem.
472,1.59,Pariatur non alias iure voluptatum similique facilis.
473,2.05,Tempora dolor quo a.
474,1.8,Quaerat accusantium alias itaque sint nostrum fugit.
475,4.94,Adipisci atque nihil accusamus nihil voluptatibus nisi.
476,2.94,Magni impedit cum autem minima rem voluptates.
477,1.46,Asperiores occaecati corporis quod reprehenderit.
478,3.53,Dicta adipisci rem similique quae voluptate temporibus nobis.
479,1.79,Odit veritatis odit eos aperiam ex.
480,1.76,Incidunt perferendis rerum praesentium dignissimos vel ratione.
481,2.39,Vel delectus voluptatibus magnam.
482,2.71,Rerum quasi delectus officiis perferendis.
483,3.1,Mollitia cumque nam ea.
484,2.15,Architecto laboriosam fugiat perferendis optio quasi incidunt.
485,3.8,Voluptates vero quo consequatur omnis minima.
486,4.89,Molestias commodi porro eos excepturi inventore quam.
487,3.61,Optio officiis sequi quod.
488,3.21,Earum distinctio neque libero aspernatur nemo assumenda quo.
489,4.86,Ipsa atque saepe ut.
490,3.26,Voluptates voluptas nisi quo ullam necessitatibus non voluptas.
491,4.13,Porro assumenda cumque illo fuga nisi.
492,3.28,Fuga beatae vero aut cum.
493,3.61,Cumque rerum autem excepturi ut.
494,1.06,At fugiat at excepturi ullam est.
495,4.37,Earum quibusdam nobis iste adipisci accusamus nemo perferendis.
496,3.22,Reiciendis totam rem atque.
497,1.75,Libero fugit eum quam perspiciatis.
498,3.78,Aperiam voluptatem dignissimos natus placeat maiores consequuntur.
499,2.0,Accusantium molestias dignissimos possimus inventore.
500,2.17,Beatae rerum eveniet optio.
501,3.93,Commodi expedita eligendi.
502,3.78,Pariatur rem quo ut animi.
503,2.59,Tempore repellat ut architecto consequuntur saepe.
504,3.0,Dolorum quo laborum soluta.
505,2.64,Quidem magnam placeat fuga sint.
506,1.94,Sapiente itaque eum odit recusandae officia et.
507,1.25,Maxime eos officiis tempora dignissimos laborum.
508,2.1,Rerum labore debitis quaerat rerum magnam.
509,1.43,Ipsa officiis dolorum consequatur quae voluptate nam.
510,4.8,Culpa aut commodi sequi velit nam.
511,3.81,Dignissimos quo accusantium.
512,3.43,Aut voluptatem rerum rem a ipsam possimus.
513,1.21,Ab sunt iure saepe.
514,4.32,Voluptate eos ratione.
515,4.8,Unde iste laborum ab molestias.
516,3.21,At numquam quia fugiat.
517,4.67,Enim unde repellat a quibusdam.
518,1.89,Expedita hic magnam ex odit.
519,3.05,Id et officia excepturi ab neque.
520,4.12,At odit nam minus impedit ipsam.
521,4.4,Voluptas quis eaque aliquam blanditiis reprehenderit.
522,3.47,Corporis repudiandae quas.
523,2.07,Laborum eveniet nobis magnam debitis velit rem laudantium.
524,2.16,Dolore repudiandae tenetur neque.
525,4.37,Quos amet dolorem quia perferendis beatae perferendis.
526,4.62,Reiciendis similique officiis laboriosam.
527,3.11,Blanditiis exercitationem numquam facere quae.
528,1.96,Vitae fugiat rem dolore.
529,2.86,Odio fugiat odio ducimus.
530,4.51,Et placeat dolores consectetur.
531,2.48,Consectetur maxime fugit illum dignissimos.
532,4.3,Harum nostrum distinctio delectus ullam.
533,1.83,Quod fuga numquam quisquam quis.
534,3.67,Pariatur itaque voluptatum cupiditate voluptas.
535,1.8,Quia modi quae sint.
536,1.69,At sequi temporibus dolor.
537,3.68,Mollitia fugiat voluptatibus.
538,3.19,Sed expedita error praesentium pariatur quo animi cupiditate.
539,4.58,Cupiditate sapiente error quia voluptatibus totam debitis.
540,2.4,Blanditiis eveniet sapiente quaerat accusantium quo.
541,2.54,Eos quam molestiae blanditiis praesentium delectus.
542,2.71,Culpa quis nobis reprehenderit officia repudiandae ipsa tempora.
543,2.92,Quidem assumenda nemo officia libero impedit.
544,4.14,Quis aspernatur eum aut inventore.
545,3.35,Eius occaecati sint voluptatem veniam tempore quas.
546,2.64,Sunt placeat blanditiis quaerat porro.
547,2.78,Nostrum iure minus quidem eligendi quidem.
548,2.42,Id quam explicabo ipsam rerum.
549,4.12,Voluptate excepturi pariatur ipsa tempore dolores tempora necessitatibus.
550,2.55,Provident totam temporibus.
551,1.51,Molestias explicabo iusto incidunt.
552,1.0,Soluta placeat dignissimos explicabo.
553,3.32,Maxime quisquam adipisci molestiae quo veritatis vel.
554,4.64,Vel ducimus tempora.
555,3.75,Sapiente quaerat eum sequi deserunt dignissimos.
556,1.36,Eos perferendis eligendi iure officia.
557,2.68,Laborum nihil nisi quia reprehenderit adipisci.
558,2.38,Id esse ullam illo doloribus eveniet eligendi.
559,1.73,Deleniti sequi sunt consequuntur.
560,1.94,Odio corrupti nam totam.
561,2.9,Quidem sequi aperiam nulla dicta soluta.
562,4.48,Aspernatur doloremque incidunt natus illo.
563,4.65,Assumenda atque velit.
564,2.26,Dolore itaque quasi cum explicabo dicta omnis.
565,2.33,Mollitia laudantium deserunt recusandae quas debitis tenetur similique.
566,1.55,Saepe qui ea perferendis quam quod.
567,1.19,Eveniet reprehenderit suscipit atque voluptates.
568,2.5,Aspernatur molestiae rerum suscipit consequuntur nostrum.
569,2.04,Ad nihil cupiditate eaque dolorum corrupti.
570,3.67,Dignissimos quos in odio blanditiis ipsum.
571,2.78,Accusantium rem nostrum dicta asperiores voluptate.
572,2.87,Incidunt placeat aspernatur iste corporis minima.
573,3.69,Natus id hic magni sint maiores.
574,2.28,Temporibus repudiandae ratione quod.
575,3.49,Ex aliquid ea perspiciatis distinctio soluta.
576,1.18,Animi veniam ea quod dolores fugiat ducimus.
577,1.97,Esse minus dolorum quia accusamus.
578,1.82,Suscipit quod quas sequi deserunt sunt cumque.
579,2.69,Quas iure sequi cupiditate harum.
580,1.27,Animi ratione impedit voluptatibus fugit.
581,3.49,Iure optio cupiditate fugit minima deleniti neque.
582,1.17,Maiores voluptatum sequi odio ab consequuntur ullam.
583,4.85,Repellendus officiis fuga mollitia aliquam fugiat.
584,2.76,Cupiditate eos blanditiis ipsum saepe.
585,2.52,Repellendus vero possimus expedita porro expedita.
586,4.94,Autem architecto sapiente similique est dolor.
587,1.35,Repellat reiciendis totam aliquid deleniti ducimus.
588,2.29,Sit inventore dolores.
589,1.22,Quod corrupti at autem.
590,1.48,Corrupti perferendis laudantium quidem facilis dignissimos molestiae temporibus.
591,1.51,Aut amet molestias blanditiis architecto est impedit excepturi.
592,3.38,Esse eius est et nulla.
593,3.24,Veritatis expedita sit tenetur tenetur cupiditate pariatur in.
594,2.04,Et eum cupiditate illum soluta tenetur.
595,3.28,Fugiat quas porro adipisci minus.
596,2.54,Voluptates saepe expedita rem illum eum nihil.
597,3.49,Ea itaque nemo optio dolor vel.
598,4.14,Soluta cumque minima id.
599,1.8,Quisquam voluptas ad.
600,2.63,Aperiam odit tempora numquam earum molestiae.
601,4.32,Vel incidunt optio maiores magni sapiente veniam.
602,1.73,Repudiandae harum deserunt nam architecto alias occaecati.
603,2.16,Provident id tempore fuga.
604,2.44,Iste illum velit odio.
605,3.6,Sequi pariatur pariatur repellat temporibus ducimus pariatur sint.
606,1.08,Molestias corrupti suscipit cum.
607,3.15,Voluptates reprehenderit dolore nihil.
608,1.27,Reiciendis ut hic laudantium quidem temporibus.
609,3.32,Dolor dolores eaque.
610,2.54,Nobis illo accusantium.
611,1.48,Ullam rerum amet earum aut reiciendis.
612,3.26,Eum earum iste.
613,2.77,Rem repellat rerum molestias cum architecto.
614,1.35,Debitis exercitationem dolorem aspernatur sapiente cupiditate commodi.
615,3.97,Deleniti occaecati delectus illum dolorem.
616,2.74,Pariatur numquam consectetur sapiente.
617,1.8,Tenetur fuga ea.
618,4.8,Molestias in porro porro.
619,4.42,Est occaecati optio cumque voluptatibus provident eaque rem.
620,1.4,Unde neque numquam quidem tempore deleniti ipsa.
621,4.2,Sunt temporibus minus eligendi ex.
622,2.29,Odit eligendi mollitia.
623,3.33,Animi cum ipsum animi ipsam occaecati accusantium.
624,1.07,Ullam accusamus nesciunt distinctio nisi facere ea.
625,4.1,Exercitationem quo accusamus accusantium similique sunt error.
626,2.85,A laudantium facilis quaerat quaerat.
627,3.76,Quas ullam earum culpa dolores incidunt non.
628,2.83,Neque assumenda perspiciatis praesentium iste enim id nemo.
629,3.05,Vel consectetur perferendis nobis.
630,1.8,Necessitatibus magnam quod optio vero reprehenderit.
631,3.84,Hic eos perferendis.
632,4.79,Dolorum asperiores corporis deleniti voluptas.
633,1.58,Eum ipsa sint hic est facilis.
634,4.51,Soluta vitae a illo qui aperiam sunt.
635,4.49,Incidunt esse perspiciatis officia autem praesentium doloribus.
636,4.25,Id minima maxime quis.
637,2.52,A reiciendis recusandae minima iure dicta.
638,2.22,Laborum similique minus quis.
639,1.85,Recusandae totam vel amet nobis.
640,3.81,Sunt laborum possimus placeat.
641,2.94,Ut odit pariatur suscipit molestiae blanditiis ab.
642,3.46,Neque facilis iste quisquam quia reiciendis aliquam autem.
643,1.13,Illum sapiente non dolorum officia.
644,3.73,Minima quisquam odit maiores voluptatem delectus officia doloremque.
645,3.28,Molestias voluptatem animi quam.
646,1.91,Asperiores ducimus aperiam nam consequatur.
647,3.43,Provident laboriosam minima voluptas sunt dolores rem tenetur.
648,2.09,Distinctio accusamus ab molestiae quam dicta beatae.
649,3.23,Placeat voluptatibus placeat sunt.
650,1.79,Modi voluptates quam ratione voluptate.
651,4.45,Necessitatibus blanditiis consequatur necessitatibus accusamus ad quod.
652,1.68,Accusamus beatae nemo numquam.
653,4.22,Voluptas magnam laudantium voluptate consectetur quas nihil.
654,3.78,Culpa esse pariatur adipisci dolores neque.
655,1.92,Inventore nisi exercitationem aperiam.
656,2.35,Voluptas quasi aspernatur voluptatum illum ipsum.
657,4.52,Eos non reiciendis odit corrupti voluptates sunt labore.
658,3.31,Neque beatae architecto neque.
659,2.68,Ipsam aspernatur perspiciatis aut doloremque suscipit eius natus.
660,4.08,Eveniet recusandae nesciunt tenetur.
661,2.05,Atque natus repellat doloremque explicabo.
662,2.5,Sit aliquam nesciunt quo quos quis esse laboriosam.
663,2.72,Consequatur molestiae a in iusto dolore tempore.
664,1.45,Quibusdam quas minima ratione placeat.
665,1.49,Amet veniam blanditiis asperiores.
666,2.98,Consectetur culpa dolorem fugiat.
667,1.84,Error ex numquam.
668,2.2,Autem ipsa laborum facilis.
669,1.04,Sit illum sint sed soluta.
670,4.77,Sint ullam corporis praesentium enim facere.
671,3.46,Maiores a aliquam eligendi.
672,1.02,Libero optio placeat provident exercitationem soluta.
673,1.9,Totam amet molestiae amet aspernatur adipisci.
674,3.54,Tempore quibusdam eum modi.
675,2.88,Et amet omnis commodi sed est.
676,2.13,Modi ex necessitatibus ipsum fugit.
677,2.65,Facere provident quibusdam optio voluptatibus omnis molestias.
678,1.82,Non quis explicabo soluta et magni occaecati assumenda.
679,3.1,Dolores impedit accusantium eligendi dolor neque.
680,1.93,Aliquid minus qui omnis.
681,4.72,Aliquam ipsam repellat nulla natus.
682,2.31,Omnis facere rem nesciunt.
683,4.86,Pariatur esse similique quibusdam voluptatem quibusdam repudiandae.
684,2.46,Reiciendis repellendus sint hic culpa odit omnis nemo.
685,1.37,Alias ipsam minus amet libero porro dolore error.
686,1.07,Laborum tenetur provident quae dolor.
687,4.29,Magnam officiis illum rem quis.
688,3.74,Ullam incidunt nisi nam.
689,4.88,Porro reprehenderit doloribus illum quo possimus ducimus.
690,1.89,Dicta architecto vel voluptas maxime.
691,1.67,Cupiditate atque quaerat expedita dolores quisquam repellendus.
692,4.18,Cupiditate rem incidunt vel veniam deserunt.
693,3.31,Quos quae porro provident.
694,4.07,Repudiandae dicta laudantium maxime est quaerat.
695,2.46,Ducimus corrupti repellendus rerum eum dolorem.
696,3.36,Voluptates nam aliquid doloribus.
697,1.68,Deleniti reprehenderit libero.
698,2.18,Aut vero officia.
699,4.5,Saepe accusamus iusto ratione dolor.
700,1.02,Numquam iste aut consequuntur vero ipsum maxime aliquam.
701,3.91,Eius deserunt ducimus exercitationem aperiam vero error.
702,3.89,Explicabo architecto ex delectus.
703,2.17,Eaque ut itaque corporis esse molestias ipsam.
704,4.43,Ratione quod non repellendus consequatur.
705,3.67,Nisi eos error commodi ea possimus fugit.
706,1.23,Architecto asperiores debitis debitis animi magni dolor officia.
707,1.52,Repellendus veritatis deserunt molestiae error fugit.
708,3.4,Esse suscipit eius ipsa.
709,1.35,Enim et numquam beatae occaecati dolores.
710,1.5,Impedit exercitationem aliquam totam maxime commodi id.
711,1.65,Incidunt asperiores atque neque unde.
712,1.78,Beatae voluptate ipsam corporis.
713,2.2,Dolorem fuga ipsum expedita saepe a ipsum.
714,4.67,Explicabo maxime alias a debitis.
715,2.99,Amet voluptatem facilis laborum.
716,2.54,Officiis architecto earum est unde ullam placeat.
717,3.16,Quibusdam itaque nisi aliquam dolor adipisci ab.
718,4.32,Ab ab tenetur aperiam nostrum fugiat.
719,3.02,Velit doloribus fugiat fugiat.
720,2.52,Quae necessitatibus aperiam quia illo.
721,1.33,Illum nesciunt repellendus nam eaque ipsam.
722,2.91,Possimus provident labore.
723,1.53,Ut autem nulla.
724,3.52,Voluptatibus magnam tempore ad reiciendis.
725,1.14,Numquam fugiat ea dolorum nesciunt.
726,4.23,Dolorum natus sunt aliquid doloremque praesentium magnam.
727,2.11,Fugit in dicta eius voluptas reprehenderit.
728,2.29,Dolor nisi accusamus cumque nostrum reiciendis repellat.
729,2.26,Nostrum quia accusantium velit.
730,2.61,Deleniti nesciunt pariatur labore fuga.
731,2.35,Odio error laudantium quia.
732,4.05,Illo ipsa ipsum facere.
733,4.08,Nemo sit praesentium aspernatur natus ducimus.
734,1.78,Facere quod maiores.
735,3.23,Vitae tempora odit rem ipsa eligendi soluta iste.
736,3.25,Qui expedita quos rem rerum sapiente.
737,4.18,Praesentium possimus officiis iste cupiditate facilis voluptatem eos.
738,1.72,Repellendus tempore in.
739,4.08,Enim numquam quis suscipit similique rem sit.
740,4.16,Voluptate mollitia sit assumenda.
741,2.58,Incidunt distinctio sequi quas provident tempora nostrum.
742,1.21,Quod eum recusandae cumque iure alias.
743,4.36,Totam rerum et enim consequatur at.
744,2.23,Quia culpa quisquam eligendi neque recusandae esse.
745,4.44,Eligendi commodi animi laboriosam.
746,1.1,Consequuntur dolore assumenda vero repudiandae adipisci.
747,2.65,Reiciendis libero magni voluptate ipsa dolorem quod.
748,1.42,Nesciunt optio molestias deserunt provident nemo.
749,4.3,Molestiae natus exercitationem consequatur distinctio.
750,1.34,Labore neque culpa nesciunt ipsum quae ad.
751,1.43,Tenetur non sit quae omnis.
752,2.94,Suscipit harum cum incidunt.
753,3.05,Eveniet labore nihil saepe quae.
754,2.31,Odit deleniti nemo qui quia earum iure quaerat.
755,4.98,Aperiam corrupti consequuntur excepturi assumenda voluptatibus.
756,4.5,Vero illum facilis neque placeat.
757,4.79,Quas repudiandae mollitia corrupti nam.
758,1.97,Dolorum voluptates molestias nam nobis.
759,1.8,Accusantium aperiam nesciunt corporis eius.
760,4.37,Ipsum sapiente maiores repudiandae eligendi culpa ab.
761,4.11,Temporibus assumenda reprehenderit totam eveniet dolores deserunt.
762,3.29,Excepturi amet officia odio.
763,3.23,Voluptas eos voluptate sint ullam quis.
764,2.26,Illum nam consequuntur quidem odit aut.
765,2.7,Ipsum natus provident non laboriosam occaecati qui.
766,4.91,Adipisci quisquam corporis itaque magnam.
767,2.29,Aut tempora fugit qui tenetur quae magni.
768,4.77,Esse autem quidem.
769,1.58,Corporis numquam blanditiis vero assumenda.
770,4.47,Impedit nemo rerum numquam magnam amet delectus.
771,4.5,Impedit numquam ratione laborum nam et.
772,3.92,Quasi sequi odio architecto.
773,2.12,Quas dolores dolores aperiam voluptatem.
774,2.3,Accusantium voluptates ex delectus.
775,1.29,Adipisci blanditiis quod voluptatem.
776,1.54,Qui eaque tempora.
777,3.33,Neque nemo laudantium repellendus possimus.
778,4.01,Tempore minus enim facilis rerum facere magnam.
779,1.21,Rem error quidem.
780,4.86,Debitis necessitatibus voluptatibus neque quisquam eos perferendis animi.
781,4.33,Id omnis veniam distinctio numquam sequi.
782,1.91,Ipsa incidunt earum assumenda mollitia hic ex aut.
783,3.81,Nulla sapiente neque excepturi unde quas.
784,2.59,Eaque voluptates porro vero repudiandae impedit optio.
785,1.2,Nesciunt nihil atque vero dolor corporis.
786,3.98,Magnam in quod corporis aliquam quos.
787,2.36,Maiores hic dolor eaque ea itaque.
788,2.64,Distinctio similique rerum.
789,2.76,Porro ratione id ullam.
790,2.6,Dolor corrupti dolorem id assumenda consequuntur.
791,1.36,Nulla reprehenderit ea nihil quam.
792,4.24,Corrupti earum iusto eius.
793,4.42,Nesciunt necessitatibus adipisci sequi laudantium dolores adipisci.
794,1.67,Rem facilis commodi saepe harum.
795,3.68,Sed odio perspiciatis eius architecto.
796,3.4,Eius quisquam alias ducimus.
797,3.15,Iste voluptates ex explicabo maiores.
798,2.82,Expedita quibusdam veniam aperiam eos perferendis quos ea.
799,1.84,Numquam veritatis veniam dicta saepe nihil fuga.
800,2.03,Exercitationem quasi iusto dolor atque deserunt.
801,2.87,Porro sunt cum iste dolores nulla at.
802,4.44,Itaque tenetur ratione esse quod.
803,3.49,Debitis quia eaque.
804,1.15,Reiciendis optio quod similique impedit ea error nisi.
805,2.29,Eveniet soluta excepturi eum reprehenderit.
806,2.43,Mollitia aliquam amet accusantium veniam.
807,3.6,Neque voluptate consequuntur maxime.
808,2.13,Facilis quas qui doloribus.
809,3.01,Odit eaque exercitationem minima ipsa quia laudantium.
810,3.0,Commodi perspiciatis quas adipisci earum voluptas veniam.
811,4.57,Amet et itaque fuga placeat labore.
812,2.58,Labore tempora aperiam.
813,3.86,Beatae veritatis iusto sunt excepturi dignissimos.
814,2.76,Itaque expedita illo recusandae harum iusto a adipisci.
815,1.56,Nisi voluptatem cumque natus.
816,3.65,Laudantium ea aliquam explicabo repudiandae.
817,4.65,Cumque laudantium iste vel nihil.
818,1.09,Cupiditate assumenda sapiente repellendus dolor alias nesciunt at.
819,2.07,Quos dolorem porro odit commodi.
820,2.84,Esse ipsa laborum autem et voluptas.
821,2.11,Totam et quos numquam at dolores laboriosam.
822,4.08,Soluta impedit atque.
823,1.78,Necessitatibus consequuntur hic accusamus iusto.
824,2.66,Quasi deserunt dolorum hic.
825,3.77,Dicta animi ipsa corrupti quos error.
826,1.33,Architecto corrupti fuga vero.
827,2.08,Inventore quam vero optio porro.
828,3.38,Sequi alias occaecati.
829,2.25,Autem fugiat quia itaque.
830,3.72,Voluptatum debitis in dolores maxime natus.
831,1.14,Perferendis ut aspernatur laborum ipsum qui modi.
832,1.8,Perferendis possimus eligendi.
833,3.01,Nihil magni tenetur tempora quisquam illum.
834,1.83,Ipsa quisquam expedita quis architecto sint laborum.
835,4.52,Et nostrum consequuntur earum excepturi eius perferendis.
836,2.27,Modi rem voluptate quidem possimus maiores eveniet.
837,4.13,Nam fugiat necessitatibus doloremque doloremque voluptatum ex.
838,4.79,Odit veniam doloremque architecto rerum labore inventore.
839,2.27,Minus quo fugiat occaecati.
840,1.14,Incidunt deserunt reprehenderit tempore.
841,2.88,Ipsa consequuntur magni ipsam eaque nihil.
842,3.32,Accusantium cupiditate dolores reiciendis maxime.
843,1.46,Fugit laboriosam quos ducimus.
844,4.3,Dolorem iure commodi doloribus.
845,2.53,Dignissimos cupiditate voluptas facilis incidunt voluptatibus suscipit.
846,3.37,Natus voluptatem ad molestias deleniti voluptate iure.
847,1.52,Illo doloribus magnam neque illum.
848,2.56,Nostrum aliquam atque itaque assumenda.
849,4.01,Voluptates laudantium provident adipisci.
850,1.03,Perspiciatis voluptate repudiandae ad consectetur.
851,4.13,Quisquam quasi impedit odio distinctio enim.
852,3.04,Recusandae sed dolor accusantium quam deserunt saepe.
853,2.73,Aspernatur nobis nulla.
854,4.74,Velit harum odit facere rerum tempora.
855,1.01,Nemo incidunt dolorem blanditiis.
856,3.3,Facilis fugiat fugiat aliquam.
857,2.61,Aperiam quod ipsum sapiente.
858,1.46,Fugiat harum ab officia suscipit enim earum.
859,3.16,Voluptates ipsam minima dolores exercitationem sapiente similique.
860,4.22,Aut sint dignissimos delectus.
861,2.22,Vitae ipsum voluptates.
862,1.46,Ratione delectus ullam.
863,2.4,Odit quod harum fugit.
864,4.27,Odio numquam architecto inventore iusto animi.
865,4.42,Ea doloremque optio exercitationem magni.
866,4.81,Maiores repellat autem illum voluptas cum doloribus quia.
867,4.7,Aliquid quis voluptas unde voluptatibus.
868,4.35,Eos assumenda odit commodi perferendis repudiandae.
869,4.54,Aliquam facere maiores asperiores esse laborum.
870,2.94,Ratione ut culpa distinctio dolorum rerum nisi.
871,1.39,Perferendis quibusdam quam sunt est itaque quia.
872,3.22,Doloribus velit quod labore ea veritatis eligendi.
873,4.09,Voluptas officiis mollitia tempora consectetur.
874,3.86,Aliquid a magnam quaerat libero.
875,1.79,Vel nulla at laudantium assumenda assumenda ut.
876,2.61,Consectetur atque quisquam accusantium error.
877,1.55,Dolor quos architecto similique ad beatae iusto.
878,4.97,Reiciendis nulla nam repudiandae odit cum.
879,3.39,Odit eligendi eveniet tempora neque natus praesentium quaerat.
880,1.13,Similique illo repellat autem voluptates eum explicabo.
881,3.18,Ratione quae placeat.
882,4.31,Adipisci nihil vel ducimus.
883,2.23,Quaerat quia natus voluptatum atque.
884,2.05,Omnis aliquid ea expedita.
885,2.84,Dolor ut facilis voluptates suscipit quia.
886,1.88,Iure excepturi delectus occaecati facilis.
887,4.59,Quaerat cum recusandae iste ullam ab at eius.
888,2.51,Nisi dicta inventore iure culpa.
889,1.13,Iure mollitia dolorem aperiam asperiores maiores.
890,1.09,Porro eaque aspernatur voluptas voluptates.
891,2.25,Modi eligendi dignissimos aut modi voluptatibus.
892,4.19,Dolorem veniam neque nam illo tempora.
893,3.88,Provident enim fuga est velit aliquam vero.
894,1.89,Similique deleniti at.
895,3.53,Incidunt ab cumque facere nisi minus earum.
896,2.21,Alias deserunt molestiae itaque.
897,1.86,Quasi labore labore vitae.
898,2.87,Occaecati quaerat commodi optio eum amet.
899,2.6,Dolor nulla unde quo placeat.
900,3.39,Repellendus ducimus minus a quo dignissimos ut.
901,3.07,Voluptatem provident distinctio labore dolor dicta vero.
902,2.33,Distinctio iure debitis corporis.
903,2.9,Dolorem sequi eum.
904,2.58,Nemo tenetur sapiente dignissimos repellat ea voluptate.
905,1.89,Eaque blanditiis aperiam totam saepe aliquid nulla.
906,1.51,Sed officiis facilis consectetur placeat.
907,1.43,Adipisci culpa nostrum similique.
908,4.43,Pariatur accusamus fuga voluptatem perferendis itaque.
909,4.79,Velit facilis quasi doloribus est ipsa fuga.
910,1.51,Excepturi velit minima corrupti.
911,1.12,Necessitatibus minima nihil pariatur magnam.
912,3.8,Hic cumque vitae nulla rerum distinctio accusantium enim.
913,3.97,Alias ex fugit cum.
914,2.73,Aliquid explicabo dolor quas mollitia aut.
915,3.51,Itaque sunt explicabo aliquam.
916,4.55,Repudiandae adipisci nam mollitia itaque voluptatem dicta incidunt.
917,4.7,Ipsum fuga repellat error ab sint nobis.
918,4.53,Necessitatibus porro perspiciatis voluptatibus.
919,3.92,Ea eligendi nulla alias veritatis quam sit non.
920,3.66,In aspernatur aperiam corporis facilis nobis.
921,2.95,Blanditiis saepe ex pariatur saepe.
922,2.56,Sapiente neque doloremque doloremque accusamus.
923,1.44,Numquam similique libero incidunt officiis.
924,1.53,Similique ad doloribus occaecati explicabo.
925,4.16,Corrupti sequi rerum a quisquam.
926,4.85,Harum soluta blanditiis id iusto doloribus quos.
927,3.64,Nihil perferendis autem quas deserunt occaecati.
928,2.96,Id perspiciatis sequi voluptate.
929,4.29,Voluptatibus totam officia dolorem earum labore minus magnam.
930,2.96,Dolores quia optio veniam voluptates perferendis similique.
931,1.75,Dignissimos sapiente at adipisci.
932,4.58,Cumque ab id fugiat voluptatibus non optio.
933,2.17,Quos sed vitae at.
934,3.13,Quo ipsam ducimus natus excepturi.
935,3.87,Consequatur fugit quaerat laboriosam voluptatibus voluptatem omnis.
936,2.94,Maxime rem praesentium cum itaque.
937,1.26,Quaerat nostrum exercitationem vitae nemo.
938,4.24,Quos perferendis at quibusdam incidunt.
939,3.21,Eum veniam nam commodi.
940,1.11,Itaque impedit harum voluptas explicabo excepturi id distinctio.
941,1.44,Repellendus debitis mollitia labore.
942,2.77,Dicta quas tempore perspiciatis.
943,2.11,Maxime in dolore tempora illo quasi quia.
944,3.86,Laudantium quibusdam blanditiis consectetur quidem occaecati.
945,2.63,Nulla nisi hic quisquam ad repellat.
946,4.44,Ab dicta voluptatum tenetur pariatur soluta.
947,4.54,Sunt eius excepturi.
948,3.72,Similique excepturi cumque perferendis facere exercitationem impedit.
949,3.11,Alias mollitia sint blanditiis et.
950,2.88,Fugiat aliquid nam ut dolore possimus vero.
951,1.65,Non beatae dolor accusamus.
952,3.97,Ad quia consectetur accusantium necessitatibus impedit.
953,1.19,Sed enim vitae iste.
954,1.03,At vitae quasi soluta perferendis.
955,3.82,Commodi in ab commodi.
956,2.82,Consequuntur quas optio asperiores at.
957,3.16,Voluptatem exercitationem fuga dolorum.
958,4.35,Veniam minus vitae provident debitis.
959,1.84,Labore voluptas animi non adipisci consectetur fuga iusto.
960,1.92,Facere ea voluptatibus odio dolore commodi accusamus ad.
961,4.1,Soluta maxime sint perferendis laboriosam error non.
962,4.02,Iure commodi nisi eveniet dicta rem libero.
963,2.25,Sequi maxime veritatis beatae modi dolores illo.
964,4.07,Ducimus impedit delectus eius autem.
965,2.65,Architecto delectus animi.
966,1.22,Harum libero nostrum veniam non reiciendis libero.
967,2.51,Porro ex molestias magni expedita molestias.
968,3.31,Porro amet nulla ratione voluptate saepe vero.
969,2.48,Deserunt nostrum distinctio itaque nobis.
970,4.54,Odit alias fuga consequatur itaque.
971,2.27,Dolores quia a dolorem.
972,1.27,Aliquam modi magnam.
973,4.17,Molestias molestiae esse dolorem recusandae eos.
974,3.04,Alias voluptatibus voluptatem iure earum.
975,4.62,Quae mollitia cupiditate esse blanditiis temporibus sequi nisi.
976,4.38,Error iusto omnis vel aliquid.
977,1.94,Eos ullam nobis ipsam recusandae autem.
978,3.5,Porro inventore veniam id nihil.
979,2.52,Eaque facere ut dolorem voluptatibus libero labore.
980,3.99,Possimus corporis suscipit rem libero.
981,3.7,Officiis mollitia molestiae veritatis.
982,3.39,Delectus iusto quod a ad sit consequuntur.
983,4.22,Voluptatibus harum harum.
984,4.75,Odit dolore porro ad omnis.
985,2.71,Tempora voluptate odit fugit tempore.
986,1.18,Temporibus placeat laudantium iste.
987,1.8,Modi cupiditate est velit.
988,2.55,Totam nesciunt eos iusto quae.
989,4.71,Aliquid nobis odit iure deserunt.
990,2.42,Harum illum ducimus voluptate eum.
991,4.04,Nihil sequi consequuntur ducimus dolorem.
992,1.05,Provident explicabo suscipit nihil aspernatur accusamus aliquid.
993,2.93,Ipsam quis soluta repellat dolorem.
994,4.97,Praesentium natus molestiae.
995,2.27,Reiciendis fugit facere reiciendis deleniti minima repellat.
996,1.71,Enim sapiente ab harum libero maiores voluptatem.
997,2.36,Laborum accusantium totam natus odit.
998,4.48,Excepturi iusto rem architecto in eius enim.
999,3.24,Eligendi suscipit impedit magni sunt nihil.
1000,4.51,Quae dolor totam omnis.